Invoice ID,Electronic accessories,Fashion accessories,Food and beverages,Health and beauty,Home and lifestyle,Sports and travel
101-17-6199,0.0,0.0,336.5565,0.0,0.0,0.0
101-81-4070,0.0,0.0,0.0,131.922,0.0,0.0
102-06-2002,0.0,0.0,0.0,0.0,0.0,132.5625
102-77-2261,0.0,0.0,0.0,480.0285,0.0,0.0
105-10-6182,0.0,45.108,0.0,0.0,0.0,0.0
105-31-1824,0.0,0.0,0.0,0.0,0.0,510.972
106-35-6779,0.0,0.0,0.0,0.0,93.114,0.0
109-28-2512,0.0,614.943,0.0,0.0,0.0,0.0
109-86-4363,0.0,0.0,0.0,0.0,0.0,441.588
110-05-6330,0.0,0.0,248.409,0.0,0.0,0.0
110-48-7033,0.0,137.004,0.0,0.0,0.0,0.0
114-35-5271,486.444,0.0,0.0,0.0,0.0,0.0
115-38-7388,0.0,85.512,0.0,0.0,0.0,0.0
115-99-4379,0.0,402.2655,0.0,0.0,0.0,0.0
118-62-1812,0.0,0.0,0.0,0.0,329.196,0.0
120-06-4233,192.843,0.0,0.0,0.0,0.0,0.0
120-54-2248,0.0,0.0,151.515,0.0,0.0,0.0
122-61-9553,484.974,0.0,0.0,0.0,0.0,0.0
123-19-1176,0.0,0.0,0.0,489.048,0.0,0.0
123-35-4896,0.0,0.0,0.0,0.0,0.0,440.937
124-31-1458,250.7085,0.0,0.0,0.0,0.0,0.0
125-45-2293,0.0,624.33,0.0,0.0,0.0,0.0
126-54-1082,0.0,0.0,0.0,0.0,203.553,0.0
127-47-6963,0.0,0.0,0.0,217.182,0.0,0.0
129-29-8530,0.0,0.0,0.0,0.0,0.0,328.755
130-67-4723,0.0,0.0,305.55,0.0,0.0,0.0
130-98-8941,0.0,472.311,0.0,0.0,0.0,0.0
131-15-8856,0.0,0.0,609.168,0.0,0.0,0.0
131-70-8179,0.0,0.0,0.0,290.0835,0.0,0.0
132-23-6451,0.0,0.0,0.0,110.0925,0.0,0.0
132-32-9879,394.632,0.0,0.0,0.0,0.0,0.0
133-14-7229,0.0,0.0,0.0,132.027,0.0,0.0
133-77-3154,0.0,252.756,0.0,0.0,0.0,0.0
134-54-4720,356.328,0.0,0.0,0.0,0.0,0.0
134-75-2619,142.002,0.0,0.0,0.0,0.0,0.0
135-13-8269,0.0,0.0,165.648,0.0,0.0,0.0
135-84-8019,0.0,736.4385,0.0,0.0,0.0,0.0
136-08-6195,0.0,0.0,0.0,0.0,587.664,0.0
137-63-5492,616.98,0.0,0.0,0.0,0.0,0.0
137-74-8729,0.0,102.396,0.0,0.0,0.0,0.0
138-17-5109,0.0,0.0,0.0,0.0,843.0345,0.0
139-20-0155,423.15,0.0,0.0,0.0,0.0,0.0
139-32-4183,0.0,0.0,0.0,0.0,0.0,921.186
139-52-2867,0.0,165.4485,0.0,0.0,0.0,0.0
142-63-6033,0.0,0.0,0.0,0.0,484.89,0.0
142-72-4741,0.0,195.72,0.0,0.0,0.0,0.0
144-51-6085,0.0,0.0,0.0,0.0,297.108,0.0
145-94-9061,0.0,0.0,463.89,0.0,0.0,0.0
146-09-5432,0.0,0.0,331.128,0.0,0.0,0.0
148-41-7930,0.0,0.0,0.0,734.706,0.0,0.0
148-82-2527,0.0,0.0,0.0,0.0,127.26,0.0
149-14-0304,0.0,0.0,0.0,239.4,0.0,0.0
149-15-7606,0.0,0.0,0.0,0.0,0.0,352.674
149-61-1929,0.0,0.0,0.0,0.0,0.0,673.995
149-71-6266,0.0,0.0,0.0,0.0,0.0,737.7615
150-89-8043,0.0,0.0,0.0,0.0,0.0,140.6475
151-16-1484,135.45,0.0,0.0,0.0,0.0,0.0
151-27-8496,235.746,0.0,0.0,0.0,0.0,0.0
151-33-7434,0.0,0.0,71.1585,0.0,0.0,0.0
152-03-4217,0.0,0.0,0.0,0.0,106.596,0.0
152-08-9985,0.0,0.0,0.0,608.202,0.0,0.0
152-68-2907,0.0,0.0,164.43,0.0,0.0,0.0
153-58-4872,0.0,0.0,314.538,0.0,0.0,0.0
154-74-7179,0.0,0.0,0.0,0.0,0.0,57.1725
154-87-7367,0.0,0.0,0.0,0.0,548.184,0.0
155-45-3814,743.82,0.0,0.0,0.0,0.0,0.0
156-20-0370,26.7225,0.0,0.0,0.0,0.0,0.0
156-95-3964,0.0,0.0,232.638,0.0,0.0,0.0
157-13-5295,0.0,0.0,0.0,545.37,0.0,0.0
160-22-2687,0.0,0.0,0.0,503.7375,0.0,0.0
162-48-8011,0.0,0.0,234.0975,0.0,0.0,0.0
162-65-8559,0.0,0.0,72.429,0.0,0.0,0.0
163-56-7055,0.0,51.1455,0.0,0.0,0.0,0.0
166-19-2553,0.0,0.0,0.0,0.0,0.0,561.078
169-52-4504,49.4235,0.0,0.0,0.0,0.0,0.0
172-42-8274,80.367,0.0,0.0,0.0,0.0,0.0
173-50-1108,0.0,0.0,0.0,0.0,0.0,84.756
173-57-2300,0.0,0.0,0.0,0.0,0.0,153.048
173-82-9529,0.0,398.475,0.0,0.0,0.0,0.0
174-36-3675,0.0,0.0,208.677,0.0,0.0,0.0
174-64-0215,0.0,0.0,0.0,0.0,0.0,732.27
174-75-0888,203.931,0.0,0.0,0.0,0.0,0.0
175-54-2529,0.0,0.0,186.228,0.0,0.0,0.0
176-64-7711,0.0,0.0,101.808,0.0,0.0,0.0
176-78-1170,0.0,0.0,0.0,106.5015,0.0,0.0
181-82-6255,0.0,0.0,0.0,0.0,103.131,0.0
181-94-6432,0.0,145.593,0.0,0.0,0.0,0.0
182-52-7000,0.0,0.0,0.0,0.0,0.0,113.568
182-69-8360,99.33,0.0,0.0,0.0,0.0,0.0
182-88-2763,0.0,0.0,251.7165,0.0,0.0,0.0
183-21-3799,733.6035,0.0,0.0,0.0,0.0,0.0
183-56-6882,0.0,0.0,417.564,0.0,0.0,0.0
186-09-3669,0.0,0.0,0.0,85.5855,0.0,0.0
186-43-8965,0.0,0.0,0.0,0.0,100.128,0.0
186-71-5196,0.0,0.0,167.034,0.0,0.0,0.0
186-79-9562,0.0,0.0,0.0,527.5095,0.0,0.0
187-83-5490,87.234,0.0,0.0,0.0,0.0,0.0
188-55-0967,0.0,0.0,0.0,697.935,0.0,0.0
189-08-9157,0.0,299.8485,0.0,0.0,0.0,0.0
189-17-4241,0.0,184.107,0.0,0.0,0.0,0.0
189-40-5216,708.3195,0.0,0.0,0.0,0.0,0.0
189-52-0236,731.6925,0.0,0.0,0.0,0.0,0.0
189-55-2313,0.0,652.89,0.0,0.0,0.0,0.0
189-98-2939,0.0,742.2975,0.0,0.0,0.0,0.0
190-14-3147,0.0,0.0,0.0,75.474,0.0,0.0
190-59-3964,0.0,0.0,247.59,0.0,0.0,0.0
191-10-6171,0.0,291.207,0.0,0.0,0.0,0.0
191-29-0321,0.0,207.585,0.0,0.0,0.0,0.0
192-98-7397,0.0,13.419,0.0,0.0,0.0,0.0
195-06-0432,0.0,0.0,0.0,0.0,255.1815,0.0
196-01-2849,0.0,539.343,0.0,0.0,0.0,0.0
197-77-7132,769.104,0.0,0.0,0.0,0.0,0.0
198-66-9832,0.0,151.284,0.0,0.0,0.0,0.0
198-84-7132,0.0,383.7645,0.0,0.0,0.0,0.0
199-75-8169,0.0,0.0,0.0,0.0,0.0,166.005
200-16-5952,0.0,0.0,137.865,0.0,0.0,0.0
200-40-6154,0.0,0.0,0.0,0.0,415.233,0.0
201-63-8275,0.0,0.0,0.0,0.0,0.0,499.7265
201-86-2184,193.011,0.0,0.0,0.0,0.0,0.0
207-73-1363,0.0,0.0,0.0,145.971,0.0,0.0
209-61-0206,0.0,0.0,0.0,0.0,225.2775,0.0
210-30-7976,0.0,93.744,0.0,0.0,0.0,0.0
210-57-1719,0.0,0.0,0.0,550.368,0.0,0.0
210-67-5886,0.0,0.0,0.0,309.3615,0.0,0.0
210-74-9613,0.0,408.492,0.0,0.0,0.0,0.0
211-05-0490,272.58,0.0,0.0,0.0,0.0,0.0
211-30-9270,0.0,0.0,0.0,91.4025,0.0,0.0
212-62-1842,0.0,0.0,367.038,0.0,0.0,0.0
213-32-1216,416.178,0.0,0.0,0.0,0.0,0.0
213-72-6612,0.0,0.0,90.825,0.0,0.0,0.0
214-17-6927,0.0,0.0,103.824,0.0,0.0,0.0
214-30-2776,181.0725,0.0,0.0,0.0,0.0,0.0
217-58-1179,0.0,0.0,0.0,0.0,263.13,0.0
218-59-9410,0.0,0.0,0.0,0.0,228.123,0.0
219-22-9386,0.0,0.0,0.0,0.0,0.0,944.622
219-61-4139,87.234,0.0,0.0,0.0,0.0,0.0
220-28-1851,0.0,0.0,0.0,0.0,72.933,0.0
220-68-6701,0.0,0.0,0.0,0.0,325.374,0.0
221-25-5073,0.0,0.0,313.572,0.0,0.0,0.0
222-42-0244,0.0,0.0,0.0,681.4395,0.0,0.0
225-32-0908,0.0,0.0,0.0,0.0,0.0,471.03
225-98-1496,0.0,85.113,0.0,0.0,0.0,0.0
226-31-3081,80.22,0.0,0.0,0.0,0.0,0.0
226-34-0034,57.876,0.0,0.0,0.0,0.0,0.0
226-71-3580,0.0,0.0,0.0,0.0,0.0,224.4375
227-03-5010,0.0,0.0,0.0,0.0,441.756,0.0
227-07-4446,820.365,0.0,0.0,0.0,0.0,0.0
227-50-3718,0.0,0.0,0.0,76.755,0.0,0.0
227-78-1148,0.0,535.374,0.0,0.0,0.0,0.0
228-96-1411,0.0,0.0,829.08,0.0,0.0,0.0
232-11-3025,0.0,0.0,0.0,0.0,0.0,827.085
232-16-2483,0.0,0.0,0.0,0.0,0.0,71.526
233-34-0817,103.782,0.0,0.0,0.0,0.0,0.0
233-67-5758,0.0,0.0,0.0,42.3675,0.0,0.0
234-03-4040,0.0,0.0,767.025,0.0,0.0,0.0
234-36-2483,0.0,0.0,0.0,362.817,0.0,0.0
234-65-2137,0.0,0.0,0.0,0.0,1003.59,0.0
235-06-8510,0.0,0.0,0.0,0.0,270.018,0.0
235-46-8343,0.0,0.0,290.43,0.0,0.0,0.0
236-27-1144,0.0,0.0,154.1295,0.0,0.0,0.0
236-86-3015,0.0,0.0,0.0,0.0,14.679,0.0
237-01-6122,0.0,0.0,0.0,0.0,763.4655,0.0
237-44-6163,88.704,0.0,0.0,0.0,0.0,0.0
238-45-6950,0.0,0.0,56.406,0.0,0.0,0.0
238-49-0436,0.0,0.0,0.0,272.664,0.0,0.0
239-10-7476,0.0,0.0,0.0,0.0,491.085,0.0
239-36-3640,285.705,0.0,0.0,0.0,0.0,0.0
239-48-4278,0.0,0.0,74.4555,0.0,0.0,0.0
241-11-2261,0.0,586.971,0.0,0.0,0.0,0.0
241-72-9525,0.0,0.0,0.0,0.0,0.0,545.055
241-96-5076,0.0,0.0,0.0,0.0,103.11,0.0
242-11-3142,0.0,175.917,0.0,0.0,0.0,0.0
242-55-6721,0.0,0.0,0.0,0.0,33.936,0.0
243-47-2663,118.251,0.0,0.0,0.0,0.0,0.0
243-55-8457,0.0,0.0,781.62,0.0,0.0,0.0
244-08-0162,0.0,0.0,0.0,359.205,0.0,0.0
246-11-3901,344.4,0.0,0.0,0.0,0.0,0.0
246-55-6923,0.0,0.0,0.0,0.0,338.2155,0.0
247-11-2470,0.0,93.744,0.0,0.0,0.0,0.0
249-42-3782,0.0,0.0,0.0,367.5525,0.0,0.0
250-17-5703,0.0,0.0,197.925,0.0,0.0,0.0
250-81-7186,104.6745,0.0,0.0,0.0,0.0,0.0
252-56-2699,0.0,0.0,453.495,0.0,0.0,0.0
253-12-6086,0.0,0.0,0.0,0.0,0.0,723.24
254-31-0042,203.175,0.0,0.0,0.0,0.0,0.0
256-08-8343,0.0,0.0,0.0,0.0,237.426,0.0
256-58-3609,0.0,96.579,0.0,0.0,0.0,0.0
257-60-7754,210.966,0.0,0.0,0.0,0.0,0.0
257-73-1380,0.0,0.0,0.0,0.0,0.0,348.306
258-69-7810,0.0,193.4625,0.0,0.0,0.0,0.0
258-92-7466,0.0,0.0,0.0,187.32,0.0,0.0
261-12-8671,0.0,128.016,0.0,0.0,0.0,0.0
262-47-2794,0.0,0.0,0.0,0.0,603.624,0.0
263-10-3913,0.0,463.428,0.0,0.0,0.0,0.0
263-12-5321,680.61,0.0,0.0,0.0,0.0,0.0
263-87-5680,0.0,0.0,0.0,0.0,299.565,0.0
266-20-6657,0.0,0.0,404.544,0.0,0.0,0.0
266-76-6436,0.0,0.0,121.59,0.0,0.0,0.0
267-62-7380,864.57,0.0,0.0,0.0,0.0,0.0
268-03-6164,0.0,0.0,0.0,100.9155,0.0,0.0
268-20-3585,0.0,0.0,0.0,130.8825,0.0,0.0
268-27-6179,0.0,474.348,0.0,0.0,0.0,0.0
269-04-5750,0.0,310.044,0.0,0.0,0.0,0.0
269-10-8440,0.0,0.0,0.0,390.7995,0.0,0.0
271-77-8740,0.0,0.0,0.0,0.0,0.0,184.086
271-88-8734,0.0,1020.705,0.0,0.0,0.0,0.0
272-27-9238,0.0,0.0,173.208,0.0,0.0,0.0
272-65-1806,575.316,0.0,0.0,0.0,0.0,0.0
273-16-6619,0.0,0.0,0.0,0.0,69.72,0.0
273-84-2164,63.2625,0.0,0.0,0.0,0.0,0.0
274-05-5470,0.0,0.0,308.574,0.0,0.0,0.0
275-28-0149,0.0,0.0,0.0,0.0,0.0,66.8745
276-54-0879,0.0,0.0,0.0,0.0,0.0,410.508
276-75-6884,0.0,0.0,0.0,216.4365,0.0,0.0
277-35-5865,0.0,0.0,935.2665,0.0,0.0,0.0
277-63-2961,0.0,0.0,0.0,0.0,0.0,77.6685
278-86-2735,0.0,0.0,164.871,0.0,0.0,0.0
278-97-7759,65.604,0.0,0.0,0.0,0.0,0.0
279-62-1445,0.0,13.167,0.0,0.0,0.0,0.0
279-74-2924,75.7785,0.0,0.0,0.0,0.0,0.0
280-17-4359,0.0,0.0,0.0,950.25,0.0,0.0
280-35-5823,0.0,0.0,0.0,0.0,91.056,0.0
282-35-2475,0.0,0.0,0.0,0.0,0.0,195.951
283-26-5248,0.0,0.0,1034.46,0.0,0.0,0.0
283-79-9594,0.0,0.0,356.5485,0.0,0.0,0.0
284-34-9626,0.0,0.0,0.0,0.0,242.676,0.0
284-54-4231,0.0,0.0,0.0,0.0,0.0,84.9765
285-68-5083,0.0,0.0,0.0,0.0,0.0,77.931
286-01-5402,0.0,0.0,0.0,0.0,0.0,295.6905
286-43-6208,0.0,0.0,829.71,0.0,0.0,0.0
286-62-6248,0.0,164.682,0.0,0.0,0.0,0.0
286-75-7818,0.0,145.068,0.0,0.0,0.0,0.0
287-21-9091,0.0,0.0,0.0,0.0,705.6315,0.0
287-83-1405,0.0,0.0,0.0,160.209,0.0,0.0
288-38-3758,0.0,267.3405,0.0,0.0,0.0,0.0
288-62-1085,0.0,202.335,0.0,0.0,0.0,0.0
289-15-7034,0.0,0.0,0.0,0.0,0.0,345.786
289-65-5721,0.0,170.877,0.0,0.0,0.0,0.0
290-68-2984,0.0,0.0,0.0,0.0,99.75,0.0
291-21-5991,0.0,0.0,0.0,321.7725,0.0,0.0
291-32-1427,0.0,115.185,0.0,0.0,0.0,0.0
291-55-6563,0.0,0.0,0.0,0.0,216.846,0.0
291-59-1384,63.315,0.0,0.0,0.0,0.0,0.0
296-11-7041,0.0,0.0,0.0,28.4235,0.0,0.0
299-29-0180,0.0,0.0,0.0,0.0,383.523,0.0
299-46-1805,0.0,0.0,0.0,0.0,0.0,590.436
300-71-4605,451.71,0.0,0.0,0.0,0.0,0.0
301-11-9629,0.0,0.0,0.0,0.0,0.0,140.385
301-81-8610,0.0,213.528,0.0,0.0,0.0,0.0
302-15-2162,0.0,0.0,0.0,293.139,0.0,0.0
303-96-2227,0.0,0.0,0.0,0.0,1022.49,0.0
305-03-2383,0.0,0.0,211.365,0.0,0.0,0.0
305-14-0245,0.0,0.0,0.0,0.0,793.716,0.0
305-18-3552,0.0,0.0,0.0,0.0,633.99,0.0
305-89-2768,0.0,0.0,0.0,0.0,68.985,0.0
307-04-2070,0.0,32.151,0.0,0.0,0.0,0.0
307-83-9164,0.0,0.0,0.0,0.0,252.042,0.0
307-85-2293,0.0,0.0,0.0,0.0,263.97,0.0
308-39-1707,0.0,12.6945,0.0,0.0,0.0,0.0
308-47-4913,0.0,0.0,0.0,0.0,0.0,548.73
308-81-0538,0.0,306.81,0.0,0.0,0.0,0.0
311-13-6971,0.0,0.0,0.0,0.0,0.0,335.895
313-66-9943,0.0,0.0,91.8225,0.0,0.0,0.0
314-23-4520,0.0,0.0,0.0,597.0405,0.0,0.0
315-22-5665,0.0,0.0,0.0,0.0,772.38,0.0
316-01-3952,0.0,0.0,284.9175,0.0,0.0,0.0
316-55-4634,0.0,0.0,420.2625,0.0,0.0,0.0
316-66-3011,0.0,0.0,450.1035,0.0,0.0,0.0
316-68-6352,0.0,0.0,76.356,0.0,0.0,0.0
318-12-0304,0.0,32.1405,0.0,0.0,0.0,0.0
318-68-5053,0.0,0.0,0.0,485.037,0.0,0.0
318-81-2368,48.51,0.0,0.0,0.0,0.0,0.0
319-50-3348,0.0,0.0,0.0,0.0,84.63,0.0
319-74-2561,298.116,0.0,0.0,0.0,0.0,0.0
320-32-8842,0.0,0.0,23.751,0.0,0.0,0.0
320-49-6392,31.752,0.0,0.0,0.0,0.0,0.0
320-85-2052,0.0,0.0,0.0,0.0,0.0,36.5505
321-49-7382,0.0,0.0,0.0,0.0,0.0,92.7255
322-02-2271,0.0,0.0,0.0,0.0,0.0,135.3555
324-41-6833,253.68,0.0,0.0,0.0,0.0,0.0
324-92-3863,43.869,0.0,0.0,0.0,0.0,0.0
325-77-6186,0.0,0.0,0.0,0.0,951.825,0.0
325-89-4209,0.0,0.0,92.295,0.0,0.0,0.0
325-90-8763,488.985,0.0,0.0,0.0,0.0,0.0
326-71-2155,0.0,0.0,0.0,0.0,0.0,310.59
326-78-5178,0.0,0.0,671.79,0.0,0.0,0.0
327-40-9673,0.0,0.0,0.0,0.0,0.0,457.38
329-62-1586,0.0,0.0,172.2105,0.0,0.0,0.0
333-23-2632,0.0,0.0,0.0,74.088,0.0,0.0
333-73-7901,0.0,0.0,0.0,461.328,0.0,0.0
334-64-2006,0.0,0.0,0.0,0.0,147.672,0.0
336-78-2147,0.0,0.0,0.0,0.0,536.844,0.0
338-65-2210,0.0,0.0,0.0,720.3,0.0,0.0
339-12-4827,0.0,77.658,0.0,0.0,0.0,0.0
339-18-7061,0.0,195.258,0.0,0.0,0.0,0.0
339-38-9982,0.0,125.706,0.0,0.0,0.0,0.0
339-96-8318,0.0,597.6285,0.0,0.0,0.0,0.0
340-21-9136,0.0,0.0,0.0,0.0,0.0,168.21
340-66-0321,152.712,0.0,0.0,0.0,0.0,0.0
342-65-4817,0.0,0.0,0.0,273.42,0.0,0.0
343-61-3544,0.0,0.0,0.0,0.0,0.0,280.035
343-75-9322,0.0,0.0,0.0,0.0,0.0,99.54
343-87-0864,0.0,0.0,0.0,79.674,0.0,0.0
345-08-4992,0.0,0.0,0.0,0.0,214.137,0.0
345-68-9016,0.0,0.0,0.0,0.0,0.0,266.028
346-12-3257,181.818,0.0,0.0,0.0,0.0,0.0
346-84-3103,69.405,0.0,0.0,0.0,0.0,0.0
347-34-2234,0.0,0.0,0.0,0.0,0.0,520.4115
347-56-2442,0.0,0.0,0.0,0.0,69.111,0.0
347-72-6115,0.0,0.0,0.0,0.0,0.0,666.939
349-97-8902,0.0,0.0,121.569,0.0,0.0,0.0
351-62-0822,0.0,60.816,0.0,0.0,0.0,0.0
354-25-5821,0.0,0.0,0.0,0.0,0.0,435.456
354-39-5160,0.0,0.0,0.0,0.0,216.846,0.0
355-34-6244,0.0,0.0,152.019,0.0,0.0,0.0
355-53-5943,433.692,0.0,0.0,0.0,0.0,0.0
356-44-8813,0.0,0.0,0.0,0.0,118.062,0.0
358-88-9262,0.0,0.0,551.124,0.0,0.0,0.0
359-90-3665,0.0,75.936,0.0,0.0,0.0,0.0
359-94-5395,0.0,0.0,0.0,97.419,0.0,0.0
360-39-5055,0.0,0.0,0.0,0.0,0.0,256.7775
361-59-0574,0.0,0.0,0.0,0.0,0.0,760.452
361-85-2571,0.0,0.0,0.0,0.0,0.0,469.77
362-58-8315,0.0,401.73,0.0,0.0,0.0,0.0
364-33-8584,0.0,0.0,92.5575,0.0,0.0,0.0
364-34-2972,304.983,0.0,0.0,0.0,0.0,0.0
365-16-4334,0.0,0.0,222.012,0.0,0.0,0.0
365-64-0515,246.4875,0.0,0.0,0.0,0.0,0.0
366-43-6862,222.138,0.0,0.0,0.0,0.0,0.0
366-93-0948,69.6675,0.0,0.0,0.0,0.0,0.0
369-82-2676,397.215,0.0,0.0,0.0,0.0,0.0
370-41-7321,0.0,0.0,0.0,535.7205,0.0,0.0
370-96-0655,0.0,310.716,0.0,0.0,0.0,0.0
371-85-5789,0.0,0.0,0.0,277.137,0.0,0.0
372-26-1506,0.0,125.055,0.0,0.0,0.0,0.0
372-62-5264,0.0,0.0,497.07,0.0,0.0,0.0
372-94-8041,0.0,0.0,0.0,96.138,0.0,0.0
373-09-4567,0.0,0.0,814.38,0.0,0.0,0.0
373-14-0504,0.0,0.0,0.0,0.0,0.0,150.423
373-73-7910,0.0,0.0,0.0,0.0,0.0,634.3785
373-88-1424,0.0,0.0,0.0,0.0,188.0025,0.0
374-17-3652,0.0,0.0,404.649,0.0,0.0,0.0
374-38-5555,0.0,334.4775,0.0,0.0,0.0,0.0
375-72-3056,0.0,0.0,0.0,0.0,0.0,198.639
376-02-8238,0.0,0.0,0.0,0.0,788.508,0.0
376-56-3573,0.0,400.764,0.0,0.0,0.0,0.0
377-79-7592,423.738,0.0,0.0,0.0,0.0,0.0
378-07-7001,151.4835,0.0,0.0,0.0,0.0,0.0
378-24-2715,0.0,0.0,0.0,0.0,112.224,0.0
379-17-6588,0.0,625.905,0.0,0.0,0.0,0.0
380-60-5336,422.73,0.0,0.0,0.0,0.0,0.0
380-94-4661,276.948,0.0,0.0,0.0,0.0,0.0
381-20-0914,0.0,189.0945,0.0,0.0,0.0,0.0
382-03-4532,0.0,0.0,0.0,19.2465,0.0,0.0
382-25-8917,0.0,265.104,0.0,0.0,0.0,0.0
384-59-6655,0.0,0.0,932.337,0.0,0.0,0.0
386-27-7606,0.0,0.0,0.0,0.0,596.82,0.0
387-49-4215,0.0,0.0,0.0,0.0,0.0,152.775
388-76-2555,0.0,0.0,0.0,0.0,0.0,86.247
389-25-3394,62.0025,0.0,0.0,0.0,0.0,0.0
389-70-2397,0.0,0.0,0.0,439.215,0.0,0.0
390-17-5806,0.0,0.0,40.341,0.0,0.0,0.0
390-31-6381,0.0,0.0,85.743,0.0,0.0,0.0
390-80-5128,0.0,0.0,0.0,20.1075,0.0,0.0
393-65-2792,0.0,0.0,939.54,0.0,0.0,0.0
394-30-3170,0.0,0.0,0.0,0.0,0.0,742.812
394-41-0748,0.0,510.9615,0.0,0.0,0.0,0.0
394-43-4238,0.0,0.0,0.0,0.0,93.2925,0.0
394-55-6384,0.0,0.0,0.0,0.0,0.0,663.2955
396-90-2219,125.664,0.0,0.0,0.0,0.0,0.0
397-25-8725,0.0,0.0,0.0,374.409,0.0,0.0
399-46-5918,722.232,0.0,0.0,0.0,0.0,0.0
399-69-4630,139.923,0.0,0.0,0.0,0.0,0.0
400-45-1220,0.0,0.0,0.0,141.75,0.0,0.0
400-60-7251,0.0,0.0,0.0,0.0,77.7735,0.0
400-80-4065,0.0,0.0,0.0,287.91,0.0,0.0
400-89-4171,0.0,0.0,0.0,0.0,0.0,680.148
401-09-4232,0.0,0.0,0.0,0.0,455.1225,0.0
401-18-8016,0.0,0.0,0.0,0.0,0.0,103.0365
404-91-5964,548.163,0.0,0.0,0.0,0.0,0.0
405-31-3305,0.0,452.865,0.0,0.0,0.0,0.0
406-46-7107,0.0,0.0,0.0,0.0,608.076,0.0
407-63-8975,0.0,0.0,465.444,0.0,0.0,0.0
408-26-9866,0.0,0.0,0.0,0.0,0.0,543.753
408-66-6712,0.0,0.0,0.0,300.573,0.0,0.0
409-33-9708,0.0,206.808,0.0,0.0,0.0,0.0
409-49-6995,0.0,0.0,297.801,0.0,0.0,0.0
410-67-1709,0.0,536.592,0.0,0.0,0.0,0.0
411-77-0180,530.67,0.0,0.0,0.0,0.0,0.0
413-20-6708,0.0,54.0435,0.0,0.0,0.0,0.0
414-12-7047,0.0,0.0,166.236,0.0,0.0,0.0
416-13-5917,0.0,0.0,509.4075,0.0,0.0,0.0
416-17-9926,779.31,0.0,0.0,0.0,0.0,0.0
418-02-5978,0.0,0.0,0.0,794.6505,0.0,0.0
418-05-0656,0.0,187.866,0.0,0.0,0.0,0.0
420-04-7590,0.0,0.0,0.0,0.0,314.055,0.0
420-11-4919,0.0,0.0,374.7975,0.0,0.0,0.0
420-18-8989,0.0,0.0,0.0,0.0,0.0,432.768
420-97-3340,0.0,0.0,225.792,0.0,0.0,0.0
421-95-9805,30.408,0.0,0.0,0.0,0.0,0.0
422-29-8786,0.0,0.0,0.0,0.0,352.2225,0.0
423-57-2993,0.0,0.0,0.0,0.0,0.0,588.357
423-64-4619,0.0,0.0,0.0,146.9475,0.0,0.0
423-80-0988,0.0,0.0,0.0,0.0,0.0,160.44
425-85-2085,0.0,0.0,0.0,288.015,0.0,0.0
426-39-2418,451.3635,0.0,0.0,0.0,0.0,0.0
427-45-9297,0.0,0.0,0.0,0.0,299.3655,0.0
428-83-5800,0.0,0.0,66.402,0.0,0.0,0.0
430-02-3888,289.926,0.0,0.0,0.0,0.0,0.0
430-53-4718,0.0,0.0,0.0,633.108,0.0,0.0
430-60-3493,0.0,0.0,0.0,0.0,697.368,0.0
431-66-2305,833.9625,0.0,0.0,0.0,0.0,0.0
433-08-7822,0.0,0.0,0.0,579.8415,0.0,0.0
433-75-6987,0.0,0.0,0.0,411.3795,0.0,0.0
434-35-9162,0.0,0.0,98.028,0.0,0.0,0.0
434-83-9547,0.0,0.0,323.148,0.0,0.0,0.0
435-13-4908,0.0,728.112,0.0,0.0,0.0,0.0
436-54-4512,0.0,0.0,96.1905,0.0,0.0,0.0
437-53-3084,0.0,209.769,0.0,0.0,0.0,0.0
437-58-8131,0.0,154.392,0.0,0.0,0.0,0.0
438-01-4015,0.0,0.0,0.0,0.0,0.0,207.858
438-23-1242,557.718,0.0,0.0,0.0,0.0,0.0
439-54-7422,214.998,0.0,0.0,0.0,0.0,0.0
440-59-5691,0.0,0.0,0.0,273.0525,0.0,0.0
441-94-7118,75.5475,0.0,0.0,0.0,0.0,0.0
442-44-6497,0.0,0.0,0.0,0.0,175.0455,0.0
442-48-3607,0.0,0.0,49.308,0.0,0.0,0.0
443-59-0061,0.0,0.0,708.225,0.0,0.0,0.0
443-60-9639,0.0,0.0,0.0,0.0,63.9135,0.0
443-82-0585,0.0,0.0,0.0,326.256,0.0,0.0
445-30-9252,0.0,0.0,0.0,0.0,0.0,80.955
446-47-6729,0.0,209.622,0.0,0.0,0.0,0.0
447-15-7839,0.0,0.0,0.0,0.0,0.0,233.52
448-34-8700,0.0,0.0,0.0,0.0,271.2885,0.0
448-61-3783,756.168,0.0,0.0,0.0,0.0,0.0
448-81-5016,0.0,0.0,0.0,125.517,0.0,0.0
449-16-6770,0.0,0.0,0.0,266.6475,0.0,0.0
449-27-2918,0.0,0.0,0.0,0.0,0.0,41.076
450-28-2866,0.0,0.0,91.56,0.0,0.0,0.0
450-42-3339,0.0,0.0,0.0,888.405,0.0,0.0
451-28-5717,0.0,0.0,0.0,0.0,523.971,0.0
451-73-2711,0.0,0.0,89.0715,0.0,0.0,0.0
452-04-8808,640.038,0.0,0.0,0.0,0.0,0.0
453-12-7053,0.0,144.081,0.0,0.0,0.0,0.0
453-33-6436,0.0,0.0,0.0,0.0,782.208,0.0
453-63-6187,86.625,0.0,0.0,0.0,0.0,0.0
457-12-0244,0.0,0.0,0.0,0.0,0.0,221.886
457-13-1708,0.0,684.915,0.0,0.0,0.0,0.0
457-94-0464,830.3715,0.0,0.0,0.0,0.0,0.0
458-10-8612,0.0,0.0,0.0,470.988,0.0,0.0
458-41-1477,0.0,0.0,0.0,291.438,0.0,0.0
458-61-0011,0.0,0.0,253.26,0.0,0.0,0.0
459-45-2396,0.0,0.0,313.74,0.0,0.0,0.0
459-50-7686,147.798,0.0,0.0,0.0,0.0,0.0
460-35-4390,0.0,0.0,0.0,0.0,96.642,0.0
460-93-5834,0.0,0.0,0.0,0.0,0.0,335.013
462-67-9126,0.0,0.0,0.0,0.0,461.286,0.0
462-78-5240,55.881,0.0,0.0,0.0,0.0,0.0
466-61-5506,571.41,0.0,0.0,0.0,0.0,0.0
468-01-2051,0.0,0.0,456.288,0.0,0.0,0.0
468-88-0009,0.0,0.0,0.0,0.0,276.948,0.0
468-99-7231,0.0,0.0,0.0,0.0,369.684,0.0
470-31-3286,0.0,0.0,0.0,46.683,0.0,0.0
470-32-9057,0.0,0.0,269.535,0.0,0.0,0.0
471-06-8611,0.0,0.0,55.041,0.0,0.0,0.0
471-41-2823,0.0,0.0,209.559,0.0,0.0,0.0
472-15-9636,0.0,0.0,0.0,0.0,427.812,0.0
474-33-8305,0.0,495.3165,0.0,0.0,0.0,0.0
477-24-6490,0.0,0.0,0.0,628.173,0.0,0.0
477-59-2456,0.0,333.984,0.0,0.0,0.0,0.0
478-06-7835,0.0,94.1745,0.0,0.0,0.0,0.0
479-26-8945,0.0,0.0,0.0,0.0,0.0,34.629
480-63-2856,0.0,0.0,161.7,0.0,0.0,0.0
482-17-1179,37.611,0.0,0.0,0.0,0.0,0.0
483-71-1164,0.0,0.0,0.0,512.19,0.0,0.0
484-22-8230,0.0,381.3915,0.0,0.0,0.0,0.0
485-30-8700,0.0,0.0,0.0,0.0,0.0,174.615
487-79-6868,0.0,0.0,0.0,0.0,116.1405,0.0
488-25-4221,0.0,0.0,31.9305,0.0,0.0,0.0
489-64-4354,0.0,17.094,0.0,0.0,0.0,0.0
489-82-1237,690.018,0.0,0.0,0.0,0.0,0.0
490-29-1201,0.0,0.0,0.0,0.0,0.0,16.107
490-95-0021,0.0,0.0,348.705,0.0,0.0,0.0
491-38-3499,0.0,58.2225,0.0,0.0,0.0,0.0
493-65-6248,0.0,0.0,0.0,0.0,0.0,388.29
497-36-0989,0.0,163.611,0.0,0.0,0.0,0.0
497-37-6538,0.0,0.0,0.0,0.0,0.0,432.9885
498-41-1961,0.0,0.0,0.0,350.07,0.0,0.0
499-27-7781,0.0,0.0,446.964,0.0,0.0,0.0
500-02-2261,0.0,0.0,360.927,0.0,0.0,0.0
501-61-1753,0.0,0.0,0.0,0.0,397.845,0.0
502-05-1910,0.0,0.0,0.0,205.317,0.0,0.0
503-07-0930,0.0,0.0,0.0,0.0,0.0,429.1665
503-21-4385,0.0,0.0,0.0,125.7165,0.0,0.0
504-35-8843,0.0,0.0,0.0,0.0,0.0,44.5935
505-02-0892,0.0,0.0,0.0,357.588,0.0,0.0
509-10-0516,0.0,0.0,0.0,0.0,193.074,0.0
509-29-3912,0.0,0.0,0.0,0.0,0.0,365.904
510-09-5628,0.0,206.43,0.0,0.0,0.0,0.0
510-79-0415,0.0,0.0,0.0,0.0,0.0,145.404
510-95-6347,0.0,0.0,152.838,0.0,0.0,0.0
511-54-3087,0.0,0.0,0.0,0.0,0.0,92.8725
512-91-0811,0.0,0.0,0.0,94.2375,0.0,0.0
512-98-1403,83.412,0.0,0.0,0.0,0.0,0.0
514-37-2845,0.0,208.425,0.0,0.0,0.0,0.0
516-77-6464,0.0,0.0,0.0,53.34,0.0,0.0
518-17-2983,0.0,204.246,0.0,0.0,0.0,0.0
518-71-6847,0.0,0.0,167.58,0.0,0.0,0.0
521-18-7827,0.0,0.0,0.0,0.0,206.7975,0.0
522-57-8364,0.0,431.256,0.0,0.0,0.0,0.0
523-38-0215,0.0,0.0,0.0,0.0,38.85,0.0
525-09-8450,757.365,0.0,0.0,0.0,0.0,0.0
525-88-7307,0.0,0.0,0.0,0.0,0.0,79.611
526-86-8552,0.0,0.0,0.0,0.0,229.11,0.0
527-09-6272,149.3625,0.0,0.0,0.0,0.0,0.0
528-14-9470,0.0,0.0,0.0,95.865,0.0,0.0
528-87-5606,41.454,0.0,0.0,0.0,0.0,0.0
529-56-3974,107.142,0.0,0.0,0.0,0.0,0.0
530-90-9855,0.0,0.0,0.0,0.0,399.756,0.0
531-56-4728,0.0,0.0,0.0,0.0,252.252,0.0
531-80-1784,191.247,0.0,0.0,0.0,0.0,0.0
532-59-7201,0.0,0.0,0.0,0.0,0.0,503.559
533-33-5337,833.595,0.0,0.0,0.0,0.0,0.0
533-66-5566,0.0,0.0,0.0,0.0,375.3645,0.0
534-01-4457,0.0,0.0,514.773,0.0,0.0,0.0
534-53-3526,0.0,0.0,0.0,0.0,0.0,397.992
537-72-0426,0.0,745.395,0.0,0.0,0.0,0.0
538-22-0304,681.975,0.0,0.0,0.0,0.0,0.0
539-21-7227,0.0,0.0,0.0,0.0,0.0,270.585
540-11-4336,0.0,0.0,235.683,0.0,0.0,0.0
541-08-3113,0.0,0.0,554.148,0.0,0.0,0.0
541-48-8554,0.0,0.0,0.0,0.0,0.0,575.9775
541-89-9860,0.0,253.512,0.0,0.0,0.0,0.0
542-41-0513,241.458,0.0,0.0,0.0,0.0,0.0
544-32-5024,0.0,0.0,209.118,0.0,0.0,0.0
544-55-9589,225.015,0.0,0.0,0.0,0.0,0.0
545-07-8534,0.0,0.0,0.0,122.472,0.0,0.0
545-46-3100,33.3585,0.0,0.0,0.0,0.0,0.0
546-80-2899,0.0,0.0,0.0,0.0,79.149,0.0
548-46-9322,0.0,0.0,418.95,0.0,0.0,0.0
548-48-3156,0.0,0.0,175.014,0.0,0.0,0.0
549-03-9315,0.0,796.908,0.0,0.0,0.0,0.0
549-23-9016,0.0,0.0,31.227,0.0,0.0,0.0
549-59-1358,0.0,0.0,0.0,0.0,0.0,279.1845
549-84-7482,0.0,0.0,0.0,0.0,0.0,853.146
549-96-4200,0.0,0.0,71.568,0.0,0.0,0.0
550-84-8664,0.0,0.0,0.0,0.0,0.0,451.0275
551-21-3069,218.0115,0.0,0.0,0.0,0.0,0.0
552-44-5977,0.0,0.0,0.0,520.8,0.0,0.0
554-42-2417,0.0,0.0,0.0,0.0,0.0,1002.12
554-53-3790,0.0,0.0,0.0,0.0,0.0,233.226
554-53-8700,0.0,0.0,0.0,0.0,117.831,0.0
556-41-6224,0.0,0.0,0.0,282.576,0.0,0.0
556-72-8512,0.0,0.0,0.0,0.0,24.108,0.0
556-86-3144,0.0,78.0045,0.0,0.0,0.0,0.0
556-97-7101,132.762,0.0,0.0,0.0,0.0,0.0
558-60-5016,0.0,0.0,0.0,0.0,314.685,0.0
558-80-4082,204.6975,0.0,0.0,0.0,0.0,0.0
559-61-5987,0.0,0.0,0.0,18.6375,0.0,0.0
559-98-9873,0.0,394.3275,0.0,0.0,0.0,0.0
560-30-5617,0.0,0.0,0.0,0.0,0.0,130.0425
560-49-6611,0.0,0.0,0.0,0.0,0.0,47.859
562-12-5430,0.0,277.6725,0.0,0.0,0.0,0.0
563-36-9814,80.661,0.0,0.0,0.0,0.0,0.0
563-47-4072,0.0,0.0,0.0,351.603,0.0,0.0
563-91-7120,0.0,324.2925,0.0,0.0,0.0,0.0
565-17-3836,0.0,0.0,0.0,200.214,0.0,0.0
565-67-6697,0.0,0.0,0.0,0.0,255.15,0.0
565-80-5980,0.0,0.0,0.0,0.0,198.996,0.0
565-91-4567,0.0,0.0,0.0,90.3,0.0,0.0
566-19-5475,0.0,352.5795,0.0,0.0,0.0,0.0
566-71-1091,0.0,404.355,0.0,0.0,0.0,0.0
568-88-3448,0.0,0.0,0.0,26.25,0.0,0.0
568-90-5112,0.0,0.0,0.0,277.788,0.0,0.0
569-71-4390,0.0,0.0,0.0,0.0,0.0,45.927
569-76-2760,0.0,0.0,0.0,0.0,0.0,92.442
571-94-0759,0.0,0.0,783.3,0.0,0.0,0.0
573-10-3877,0.0,0.0,0.0,40.9605,0.0,0.0
573-58-9734,0.0,95.6655,0.0,0.0,0.0,0.0
573-98-8548,0.0,33.495,0.0,0.0,0.0,0.0
574-22-5561,0.0,867.615,0.0,0.0,0.0,0.0
574-31-8277,0.0,35.3115,0.0,0.0,0.0,0.0
574-57-9721,0.0,0.0,90.867,0.0,0.0,0.0
574-80-1489,0.0,0.0,263.97,0.0,0.0,0.0
575-30-8091,0.0,0.0,0.0,0.0,0.0,609.0
575-67-1508,40.53,0.0,0.0,0.0,0.0,0.0
576-31-4774,0.0,0.0,0.0,231.2415,0.0,0.0
577-34-7579,0.0,0.0,477.1305,0.0,0.0,0.0
578-80-7669,0.0,0.0,0.0,0.0,0.0,78.7185
582-52-8065,0.0,513.2295,0.0,0.0,0.0,0.0
583-41-4548,0.0,0.0,0.0,0.0,122.5245,0.0
583-72-1480,155.652,0.0,0.0,0.0,0.0,0.0
584-66-4073,0.0,59.325,0.0,0.0,0.0,0.0
584-86-7256,0.0,0.0,0.0,0.0,0.0,254.016
585-03-5943,0.0,0.0,0.0,190.155,0.0,0.0
585-11-6748,0.0,0.0,0.0,0.0,0.0,304.92
585-86-8361,0.0,0.0,143.22,0.0,0.0,0.0
585-90-0249,76.923,0.0,0.0,0.0,0.0,0.0
586-25-0848,0.0,0.0,0.0,0.0,0.0,90.699
587-03-7455,0.0,718.7565,0.0,0.0,0.0,0.0
587-73-4862,0.0,0.0,0.0,56.1225,0.0,0.0
588-01-7461,0.0,0.0,321.111,0.0,0.0,0.0
588-47-8641,0.0,588.42,0.0,0.0,0.0,0.0
589-02-8023,0.0,0.0,175.917,0.0,0.0,0.0
590-83-4591,550.935,0.0,0.0,0.0,0.0,0.0
592-34-6155,0.0,0.0,133.434,0.0,0.0,0.0
592-46-1692,0.0,0.0,270.2595,0.0,0.0,0.0
593-08-5916,0.0,16.275,0.0,0.0,0.0,0.0
593-14-4239,0.0,0.0,0.0,0.0,801.864,0.0
593-65-1552,0.0,0.0,0.0,0.0,293.202,0.0
593-95-4461,0.0,0.0,0.0,0.0,78.603,0.0
594-34-4444,102.018,0.0,0.0,0.0,0.0,0.0
595-11-5460,0.0,0.0,0.0,202.818,0.0,0.0
595-27-4851,0.0,398.958,0.0,0.0,0.0,0.0
595-86-2894,0.0,407.316,0.0,0.0,0.0,0.0
595-94-9924,0.0,0.0,0.0,145.5825,0.0,0.0
596-42-3999,0.0,0.0,133.917,0.0,0.0,0.0
597-78-7908,0.0,284.193,0.0,0.0,0.0,0.0
598-06-7312,0.0,95.9175,0.0,0.0,0.0,0.0
598-47-9715,353.094,0.0,0.0,0.0,0.0,0.0
600-38-9738,0.0,0.0,0.0,0.0,0.0,377.58
602-16-6955,0.0,0.0,0.0,0.0,0.0,804.3
602-80-9671,0.0,0.0,0.0,0.0,100.485,0.0
603-07-0961,392.6475,0.0,0.0,0.0,0.0,0.0
604-70-6476,0.0,94.185,0.0,0.0,0.0,0.0
605-03-2706,0.0,0.0,0.0,49.77,0.0,0.0
605-72-4132,0.0,0.0,793.548,0.0,0.0,0.0
605-83-1050,0.0,57.078,0.0,0.0,0.0,0.0
606-80-4905,0.0,0.0,0.0,0.0,0.0,120.645
607-65-2441,0.0,0.0,0.0,860.475,0.0,0.0
607-76-6216,0.0,485.5725,0.0,0.0,0.0,0.0
608-04-3797,0.0,0.0,0.0,212.688,0.0,0.0
608-05-3804,41.7375,0.0,0.0,0.0,0.0,0.0
608-27-6295,333.207,0.0,0.0,0.0,0.0,0.0
608-96-3517,0.0,384.468,0.0,0.0,0.0,0.0
609-81-8548,0.0,0.0,0.0,0.0,235.872,0.0
610-46-4100,0.0,0.0,0.0,212.7825,0.0,0.0
612-36-5536,0.0,0.0,680.064,0.0,0.0,0.0
613-59-9758,0.0,0.0,0.0,0.0,0.0,150.78
616-24-2851,0.0,75.054,0.0,0.0,0.0,0.0
616-87-0016,0.0,702.219,0.0,0.0,0.0,0.0
617-15-4209,0.0,0.0,0.0,32.277,0.0,0.0
618-34-8551,0.0,0.0,0.0,0.0,0.0,195.678
620-02-2046,0.0,0.0,0.0,0.0,145.74,0.0
622-20-1945,0.0,0.0,0.0,41.391,0.0,0.0
624-01-8356,0.0,0.0,0.0,0.0,514.605,0.0
626-43-7888,0.0,507.444,0.0,0.0,0.0,0.0
627-95-3243,0.0,0.0,0.0,0.0,734.076,0.0
628-34-3388,0.0,172.494,0.0,0.0,0.0,0.0
628-90-8624,0.0,0.0,0.0,867.09,0.0,0.0
629-42-4133,0.0,0.0,0.0,183.12,0.0,0.0
630-74-5166,0.0,0.0,0.0,0.0,0.0,391.419
631-34-1880,0.0,0.0,76.5765,0.0,0.0,0.0
631-41-3108,0.0,0.0,0.0,0.0,340.5255,0.0
632-32-4574,0.0,0.0,0.0,0.0,0.0,637.728
632-90-0281,0.0,394.275,0.0,0.0,0.0,0.0
633-09-3463,150.0975,0.0,0.0,0.0,0.0,0.0
633-44-8566,0.0,0.0,362.943,0.0,0.0,0.0
633-91-1052,0.0,0.0,0.0,0.0,25.263,0.0
634-97-8956,0.0,0.0,103.635,0.0,0.0,0.0
635-28-5728,0.0,0.0,0.0,176.4,0.0,0.0
635-40-6220,0.0,0.0,0.0,752.64,0.0,0.0
636-17-0325,0.0,0.0,0.0,262.794,0.0,0.0
636-48-8204,181.44,0.0,0.0,0.0,0.0,0.0
636-98-3364,82.719,0.0,0.0,0.0,0.0,0.0
638-60-7125,836.304,0.0,0.0,0.0,0.0,0.0
639-76-1242,0.0,0.0,212.73,0.0,0.0,0.0
640-48-5028,0.0,0.0,0.0,0.0,835.2855,0.0
640-49-2076,0.0,0.0,0.0,0.0,0.0,703.752
641-43-2399,0.0,0.0,0.0,0.0,107.31,0.0
641-51-2661,0.0,0.0,914.55,0.0,0.0,0.0
641-62-7288,0.0,0.0,0.0,0.0,629.496,0.0
641-96-3695,0.0,273.798,0.0,0.0,0.0,0.0
642-30-6693,0.0,0.0,0.0,0.0,0.0,343.413
642-32-2990,0.0,0.0,115.08,0.0,0.0,0.0
642-61-4706,0.0,0.0,196.14,0.0,0.0,0.0
643-38-7867,0.0,0.0,0.0,0.0,102.837,0.0
645-44-1170,0.0,0.0,0.0,0.0,548.7615,0.0
645-78-8093,0.0,0.0,0.0,0.0,0.0,195.594
647-50-1224,0.0,308.91,0.0,0.0,0.0,0.0
648-83-1321,0.0,0.0,0.0,0.0,667.38,0.0
648-94-3045,0.0,0.0,0.0,618.975,0.0,0.0
649-11-3678,0.0,0.0,216.6885,0.0,0.0,0.0
649-29-6775,0.0,35.196,0.0,0.0,0.0,0.0
650-98-6268,0.0,0.0,65.7405,0.0,0.0,0.0
651-61-0874,0.0,0.0,0.0,0.0,194.124,0.0
651-88-7328,0.0,621.243,0.0,0.0,0.0,0.0
651-96-5970,0.0,48.7305,0.0,0.0,0.0,0.0
652-43-6591,0.0,817.236,0.0,0.0,0.0,0.0
652-49-6720,63.9975,0.0,0.0,0.0,0.0,0.0
655-07-2265,246.6765,0.0,0.0,0.0,0.0,0.0
655-85-5130,0.0,160.86,0.0,0.0,0.0,0.0
656-16-1063,0.0,0.0,0.0,0.0,0.0,146.223
656-95-9349,0.0,0.0,0.0,506.6355,0.0,0.0
658-66-3967,0.0,0.0,0.0,390.9465,0.0,0.0
659-36-1684,0.0,0.0,0.0,0.0,0.0,419.832
659-65-8956,0.0,53.928,0.0,0.0,0.0,0.0
660-29-7083,586.635,0.0,0.0,0.0,0.0,0.0
662-47-5456,0.0,369.495,0.0,0.0,0.0,0.0
662-72-2873,0.0,0.0,214.935,0.0,0.0,0.0
663-86-9076,0.0,0.0,575.736,0.0,0.0,0.0
664-14-2882,0.0,0.0,0.0,0.0,55.2825,0.0
665-32-9167,0.0,0.0,0.0,76.146,0.0,0.0
665-63-9737,0.0,165.123,0.0,0.0,0.0,0.0
667-23-5919,0.0,507.675,0.0,0.0,0.0,0.0
667-92-0055,0.0,0.0,0.0,628.929,0.0,0.0
668-90-8900,0.0,0.0,0.0,0.0,688.6215,0.0
669-54-1719,119.259,0.0,0.0,0.0,0.0,0.0
670-71-7306,0.0,0.0,0.0,0.0,0.0,281.169
670-79-6321,0.0,0.0,0.0,0.0,695.2365,0.0
672-51-8681,629.8425,0.0,0.0,0.0,0.0,0.0
674-15-9296,0.0,0.0,0.0,0.0,0.0,194.985
674-56-6360,99.9075,0.0,0.0,0.0,0.0,0.0
676-10-2200,0.0,56.469,0.0,0.0,0.0,0.0
676-39-6028,338.31,0.0,0.0,0.0,0.0,0.0
677-11-0152,0.0,0.0,881.307,0.0,0.0,0.0
678-79-0726,0.0,0.0,0.0,0.0,0.0,856.4535
679-22-6530,0.0,0.0,0.0,0.0,0.0,85.302
685-64-1609,0.0,316.47,0.0,0.0,0.0,0.0
686-41-0932,0.0,72.87,0.0,0.0,0.0,0.0
687-15-1097,0.0,0.0,0.0,44.352,0.0,0.0
687-47-8271,0.0,1039.29,0.0,0.0,0.0,0.0
689-05-1884,0.0,0.0,0.0,510.615,0.0,0.0
689-16-9784,0.0,0.0,294.651,0.0,0.0,0.0
690-01-6631,0.0,183.645,0.0,0.0,0.0,0.0
692-27-8933,0.0,0.0,0.0,0.0,0.0,365.085
692-92-5582,0.0,0.0,172.746,0.0,0.0,0.0
695-09-5146,0.0,0.0,311.1885,0.0,0.0,0.0
695-28-6250,0.0,0.0,0.0,0.0,0.0,226.065
695-51-0018,0.0,0.0,0.0,0.0,0.0,146.328
696-90-2548,0.0,0.0,0.0,0.0,0.0,81.396
698-98-5964,0.0,0.0,852.705,0.0,0.0,0.0
699-01-4164,0.0,0.0,0.0,174.3,0.0,0.0
699-14-3026,627.6165,0.0,0.0,0.0,0.0,0.0
699-88-1972,0.0,0.0,0.0,832.944,0.0,0.0
700-81-1757,138.1275,0.0,0.0,0.0,0.0,0.0
701-23-5550,0.0,0.0,0.0,0.0,163.002,0.0
701-69-8742,0.0,0.0,0.0,0.0,0.0,360.885
702-72-0487,97.881,0.0,0.0,0.0,0.0,0.0
702-83-5291,0.0,943.299,0.0,0.0,0.0,0.0
704-10-4056,0.0,0.0,0.0,190.4805,0.0,0.0
704-11-6354,0.0,0.0,0.0,0.0,494.76,0.0
704-20-4138,0.0,0.0,0.0,218.0745,0.0,0.0
704-48-3927,931.035,0.0,0.0,0.0,0.0,0.0
706-36-6154,0.0,0.0,0.0,0.0,182.952,0.0
707-32-7409,0.0,0.0,0.0,0.0,0.0,401.268
709-58-4068,0.0,431.445,0.0,0.0,0.0,0.0
710-46-4433,0.0,0.0,731.43,0.0,0.0,0.0
711-31-1234,401.688,0.0,0.0,0.0,0.0,0.0
712-39-0363,0.0,0.0,262.458,0.0,0.0,0.0
714-02-3114,0.0,0.0,0.0,0.0,0.0,207.48
715-20-1673,148.995,0.0,0.0,0.0,0.0,0.0
716-39-1409,0.0,0.0,0.0,223.0725,0.0,0.0
717-96-4189,223.587,0.0,0.0,0.0,0.0,0.0
718-57-9773,0.0,0.0,0.0,0.0,0.0,517.965
719-76-3868,0.0,0.0,395.892,0.0,0.0,0.0
719-89-8991,0.0,0.0,0.0,0.0,0.0,479.9025
720-72-2436,0.0,0.0,279.384,0.0,0.0,0.0
721-86-6247,0.0,0.0,0.0,0.0,532.728,0.0
722-13-2115,0.0,0.0,0.0,0.0,0.0,44.9925
725-32-9708,0.0,288.582,0.0,0.0,0.0,0.0
725-54-0677,0.0,0.0,0.0,629.16,0.0,0.0
725-56-0833,0.0,0.0,0.0,339.36,0.0,0.0
725-67-2480,0.0,370.125,0.0,0.0,0.0,0.0
725-96-3778,0.0,0.0,0.0,0.0,749.7,0.0
726-27-2396,0.0,0.0,0.0,406.875,0.0,0.0
726-29-6793,203.112,0.0,0.0,0.0,0.0,0.0
727-02-1313,0.0,0.0,33.432,0.0,0.0,0.0
727-17-0390,0.0,0.0,333.9525,0.0,0.0,0.0
727-46-3608,0.0,0.0,189.0945,0.0,0.0,0.0
727-75-6477,121.128,0.0,0.0,0.0,0.0,0.0
728-47-9078,0.0,0.0,250.278,0.0,0.0,0.0
728-88-7867,0.0,0.0,0.0,0.0,317.226,0.0
729-06-2010,0.0,0.0,0.0,760.4415,0.0,0.0
729-09-9681,0.0,0.0,0.0,0.0,163.233,0.0
729-46-7422,0.0,0.0,37.6845,0.0,0.0,0.0
730-50-9884,0.0,0.0,0.0,0.0,0.0,610.491
730-61-8757,0.0,0.0,0.0,214.746,0.0,0.0
730-70-9830,0.0,0.0,0.0,0.0,441.693,0.0
731-14-2199,0.0,0.0,0.0,0.0,373.17,0.0
731-59-7531,0.0,0.0,0.0,609.588,0.0,0.0
731-81-9469,0.0,0.0,0.0,0.0,0.0,942.9
732-04-5373,0.0,0.0,0.0,0.0,195.174,0.0
732-67-5346,0.0,0.0,72.3975,0.0,0.0,0.0
732-94-0499,437.325,0.0,0.0,0.0,0.0,0.0
733-01-9107,0.0,0.0,0.0,0.0,521.01,0.0
733-29-1227,0.0,0.0,0.0,0.0,408.7335,0.0
733-33-4967,175.14,0.0,0.0,0.0,0.0,0.0
734-91-1155,143.9865,0.0,0.0,0.0,0.0,0.0
735-06-4124,0.0,0.0,51.0405,0.0,0.0,0.0
735-32-9839,0.0,829.08,0.0,0.0,0.0,0.0
737-88-5876,0.0,0.0,0.0,0.0,97.818,0.0
740-11-5257,259.77,0.0,0.0,0.0,0.0,0.0
740-22-2500,264.7575,0.0,0.0,0.0,0.0,0.0
741-73-3559,0.0,0.0,0.0,0.0,0.0,353.1675
742-04-5161,0.0,0.0,0.0,0.0,764.19,0.0
743-04-1105,0.0,0.0,0.0,918.729,0.0,0.0
743-88-1662,0.0,0.0,0.0,0.0,0.0,701.8515
744-02-5987,0.0,0.0,0.0,0.0,493.794,0.0
744-09-5786,138.663,0.0,0.0,0.0,0.0,0.0
744-16-7898,0.0,0.0,0.0,0.0,1022.385,0.0
744-82-9138,0.0,180.873,0.0,0.0,0.0,0.0
745-71-3520,185.367,0.0,0.0,0.0,0.0,0.0
745-74-0715,121.863,0.0,0.0,0.0,0.0,0.0
746-04-1077,0.0,0.0,888.615,0.0,0.0,0.0
746-19-0921,0.0,0.0,22.659,0.0,0.0,0.0
746-54-5508,0.0,0.0,0.0,0.0,135.576,0.0
746-68-6593,0.0,0.0,0.0,0.0,0.0,183.036
746-94-0204,0.0,786.618,0.0,0.0,0.0,0.0
747-58-7183,0.0,180.4005,0.0,0.0,0.0,0.0
748-45-2862,0.0,0.0,0.0,0.0,118.902,0.0
749-24-1565,0.0,0.0,0.0,217.6335,0.0,0.0
749-81-8133,0.0,397.614,0.0,0.0,0.0,0.0
750-57-9686,0.0,0.0,0.0,0.0,190.596,0.0
750-67-8428,0.0,0.0,0.0,548.9715,0.0,0.0
751-15-6198,0.0,0.0,0.0,0.0,0.0,144.963
751-41-9720,0.0,0.0,0.0,0.0,1023.75,0.0
751-69-0068,0.0,0.0,0.0,0.0,0.0,937.818
752-23-3760,0.0,0.0,0.0,0.0,0.0,470.988
755-12-3214,0.0,232.155,0.0,0.0,0.0,0.0
756-01-7507,0.0,0.0,0.0,106.995,0.0,0.0
756-49-0168,0.0,20.685,0.0,0.0,0.0,0.0
756-93-1854,0.0,175.035,0.0,0.0,0.0,0.0
759-29-9521,0.0,462.672,0.0,0.0,0.0,0.0
759-98-4285,0.0,0.0,0.0,631.1445,0.0,0.0
760-27-5490,0.0,131.208,0.0,0.0,0.0,0.0
760-53-9233,0.0,130.032,0.0,0.0,0.0,0.0
760-54-1821,0.0,0.0,0.0,0.0,128.4255,0.0
760-90-2357,469.413,0.0,0.0,0.0,0.0,0.0
761-49-0439,101.64,0.0,0.0,0.0,0.0,0.0
764-44-8999,0.0,0.0,0.0,30.996,0.0,0.0
765-26-6951,0.0,0.0,0.0,0.0,0.0,457.443
766-85-7061,0.0,0.0,0.0,922.635,0.0,0.0
767-05-1286,0.0,0.0,0.0,0.0,527.751,0.0
767-54-1907,0.0,155.19,0.0,0.0,0.0,0.0
767-97-4650,0.0,0.0,0.0,0.0,0.0,136.143
770-42-8960,0.0,0.0,177.408,0.0,0.0,0.0
775-72-1988,0.0,0.0,0.0,0.0,384.72,0.0
776-68-1096,0.0,0.0,0.0,0.0,138.978,0.0
777-67-2495,0.0,0.0,0.0,0.0,217.2555,0.0
777-82-7220,0.0,0.0,0.0,0.0,253.008,0.0
778-34-2523,408.408,0.0,0.0,0.0,0.0,0.0
778-71-5554,0.0,16.2015,0.0,0.0,0.0,0.0
778-89-7974,0.0,0.0,0.0,442.323,0.0,0.0
779-06-0012,0.0,0.0,0.0,0.0,93.0405,0.0
779-42-2410,0.0,0.0,181.881,0.0,0.0,0.0
781-84-8059,0.0,446.439,0.0,0.0,0.0,0.0
782-95-9291,0.0,0.0,484.5225,0.0,0.0,0.0
783-09-1637,0.0,0.0,0.0,0.0,0.0,354.0075
784-08-0310,0.0,0.0,88.368,0.0,0.0,0.0
784-21-9238,0.0,0.0,0.0,0.0,0.0,10.6785
785-13-7708,0.0,0.0,536.991,0.0,0.0,0.0
785-96-0615,300.216,0.0,0.0,0.0,0.0,0.0
786-94-2700,0.0,0.0,507.906,0.0,0.0,0.0
787-15-1757,0.0,0.0,0.0,185.094,0.0,0.0
787-56-0757,0.0,0.0,337.512,0.0,0.0,0.0
787-87-2010,0.0,0.0,0.0,233.1,0.0,0.0
788-07-8452,0.0,0.0,0.0,0.0,178.164,0.0
788-21-5741,0.0,142.947,0.0,0.0,0.0,0.0
789-23-8625,0.0,293.643,0.0,0.0,0.0,0.0
790-29-1172,0.0,0.0,180.621,0.0,0.0,0.0
790-38-4466,0.0,0.0,0.0,57.6975,0.0,0.0
793-10-3222,0.0,0.0,0.0,258.678,0.0,0.0
794-32-2436,116.907,0.0,0.0,0.0,0.0,0.0
794-42-3736,0.0,0.0,69.993,0.0,0.0,0.0
795-49-7276,0.0,156.03,0.0,0.0,0.0,0.0
796-12-2025,0.0,652.26,0.0,0.0,0.0,0.0
796-32-9050,0.0,0.0,323.064,0.0,0.0,0.0
797-88-0493,0.0,0.0,0.0,269.934,0.0,0.0
799-71-1548,326.424,0.0,0.0,0.0,0.0,0.0
800-09-8606,0.0,0.0,0.0,0.0,458.6925,0.0
801-88-0346,0.0,239.589,0.0,0.0,0.0,0.0
802-43-8934,0.0,0.0,0.0,0.0,19.194,0.0
802-70-5316,0.0,0.0,0.0,0.0,0.0,580.419
803-17-8013,0.0,0.0,0.0,0.0,745.836,0.0
803-83-5989,0.0,0.0,0.0,0.0,351.099,0.0
804-38-3935,295.407,0.0,0.0,0.0,0.0,0.0
805-86-0265,0.0,0.0,0.0,0.0,887.922,0.0
807-14-7833,182.91,0.0,0.0,0.0,0.0,0.0
807-34-3742,0.0,54.999,0.0,0.0,0.0,0.0
808-65-0703,0.0,0.0,0.0,0.0,148.974,0.0
809-46-1866,0.0,0.0,0.0,244.23,0.0,0.0
809-69-9497,0.0,0.0,0.0,0.0,479.64,0.0
810-60-6344,343.224,0.0,0.0,0.0,0.0,0.0
811-03-8790,477.54,0.0,0.0,0.0,0.0,0.0
811-35-1094,317.835,0.0,0.0,0.0,0.0,0.0
815-04-6282,0.0,0.0,0.0,0.0,0.0,341.0925
815-11-1168,0.0,0.0,523.845,0.0,0.0,0.0
816-57-2053,0.0,0.0,0.0,0.0,0.0,127.827
816-72-8853,0.0,0.0,0.0,0.0,0.0,146.6325
817-48-8732,0.0,0.0,0.0,0.0,759.675,0.0
817-69-8206,942.4485,0.0,0.0,0.0,0.0,0.0
821-07-3596,0.0,69.09,0.0,0.0,0.0,0.0
821-14-9046,0.0,110.124,0.0,0.0,0.0,0.0
824-88-3614,0.0,0.0,0.0,288.204,0.0,0.0
825-94-5922,0.0,0.0,0.0,0.0,0.0,53.151
826-58-8051,0.0,0.0,0.0,0.0,261.198,0.0
827-26-2100,0.0,0.0,0.0,0.0,319.788,0.0
827-44-5872,0.0,0.0,570.78,0.0,0.0,0.0
827-77-7633,0.0,0.0,0.0,0.0,0.0,926.9505
828-46-6863,0.0,0.0,620.739,0.0,0.0,0.0
828-61-5674,0.0,0.0,0.0,0.0,0.0,462.21
829-34-3910,0.0,0.0,0.0,749.49,0.0,0.0
829-49-1914,0.0,0.0,822.255,0.0,0.0,0.0
830-58-2383,0.0,0.0,0.0,0.0,133.35,0.0
831-07-6050,171.7275,0.0,0.0,0.0,0.0,0.0
831-64-0259,0.0,208.6875,0.0,0.0,0.0,0.0
831-81-6575,714.3255,0.0,0.0,0.0,0.0,0.0
832-51-6761,0.0,0.0,284.592,0.0,0.0,0.0
834-25-9262,0.0,343.056,0.0,0.0,0.0,0.0
834-45-5519,180.6,0.0,0.0,0.0,0.0,0.0
834-61-8124,379.9215,0.0,0.0,0.0,0.0,0.0
834-83-1826,0.0,0.0,0.0,0.0,430.71,0.0
835-16-0096,0.0,0.0,0.0,0.0,0.0,77.175
836-82-5858,0.0,0.0,0.0,655.5465,0.0,0.0
837-55-7229,0.0,49.812,0.0,0.0,0.0,0.0
838-02-1821,0.0,0.0,0.0,0.0,26.733,0.0
838-78-4295,0.0,0.0,0.0,70.287,0.0,0.0
840-19-2096,461.5275,0.0,0.0,0.0,0.0,0.0
840-76-5966,0.0,0.0,0.0,0.0,0.0,26.796
841-18-8232,0.0,0.0,74.76,0.0,0.0,0.0
841-35-6630,478.233,0.0,0.0,0.0,0.0,0.0
842-29-4695,0.0,0.0,0.0,0.0,0.0,125.979
842-40-8179,0.0,0.0,810.6,0.0,0.0,0.0
843-01-4703,0.0,0.0,0.0,0.0,334.341,0.0
843-73-4724,0.0,77.805,0.0,0.0,0.0,0.0
845-51-0542,0.0,0.0,439.8975,0.0,0.0,0.0
845-94-6841,0.0,0.0,688.716,0.0,0.0,0.0
846-10-0341,0.0,312.8895,0.0,0.0,0.0,0.0
847-38-7188,0.0,0.0,304.542,0.0,0.0,0.0
848-07-1692,0.0,0.0,0.0,120.162,0.0,0.0
848-24-9445,0.0,0.0,0.0,91.77,0.0,0.0
848-42-2560,0.0,172.011,0.0,0.0,0.0,0.0
848-62-7243,0.0,0.0,0.0,235.2105,0.0,0.0
848-95-6252,0.0,0.0,0.0,0.0,90.5835,0.0
849-09-3807,0.0,649.299,0.0,0.0,0.0,0.0
850-41-9669,709.317,0.0,0.0,0.0,0.0,0.0
851-28-6367,0.0,0.0,0.0,0.0,0.0,162.75
851-98-3555,0.0,0.0,0.0,435.12,0.0,0.0
852-62-7105,0.0,874.125,0.0,0.0,0.0,0.0
852-82-2749,0.0,0.0,0.0,0.0,0.0,271.278
853-23-2453,0.0,0.0,0.0,318.108,0.0,0.0
856-22-8149,0.0,0.0,0.0,0.0,26.5545,0.0
856-66-2701,0.0,0.0,0.0,0.0,167.895,0.0
857-16-3520,0.0,525.231,0.0,0.0,0.0,0.0
857-67-9057,240.975,0.0,0.0,0.0,0.0,0.0
859-71-0933,0.0,0.0,0.0,0.0,0.0,32.529
859-97-6048,176.925,0.0,0.0,0.0,0.0,0.0
860-73-6466,0.0,0.0,0.0,0.0,0.0,82.887
860-79-0874,0.0,1042.65,0.0,0.0,0.0,0.0
861-77-0145,860.685,0.0,0.0,0.0,0.0,0.0
862-17-9201,0.0,0.0,529.515,0.0,0.0,0.0
862-29-5914,0.0,0.0,0.0,0.0,0.0,23.499
862-59-8517,0.0,0.0,568.512,0.0,0.0,0.0
864-24-7918,0.0,0.0,0.0,0.0,0.0,257.145
865-41-9075,0.0,0.0,84.7455,0.0,0.0,0.0
865-92-6136,0.0,0.0,166.1625,0.0,0.0,0.0
866-05-7563,256.41,0.0,0.0,0.0,0.0,0.0
866-70-2814,554.295,0.0,0.0,0.0,0.0,0.0
866-99-7614,0.0,0.0,936.6,0.0,0.0,0.0
867-47-1948,0.0,0.0,0.0,0.0,165.9,0.0
868-06-0466,657.531,0.0,0.0,0.0,0.0,0.0
868-52-7573,0.0,0.0,523.3725,0.0,0.0,0.0
868-81-1752,0.0,0.0,0.0,0.0,208.089,0.0
869-11-3082,0.0,0.0,0.0,403.872,0.0,0.0
870-54-3162,0.0,0.0,0.0,0.0,0.0,169.3125
870-72-4431,0.0,0.0,0.0,624.897,0.0,0.0
870-76-1733,0.0,0.0,74.7075,0.0,0.0,0.0
871-39-9221,78.435,0.0,0.0,0.0,0.0,0.0
871-79-8483,0.0,494.1825,0.0,0.0,0.0,0.0
873-14-6353,0.0,0.0,182.427,0.0,0.0,0.0
873-51-0671,0.0,0.0,0.0,0.0,0.0,161.553
873-95-4984,0.0,0.0,0.0,565.215,0.0,0.0
875-31-8302,0.0,0.0,0.0,0.0,0.0,98.049
875-46-5808,0.0,0.0,0.0,271.95,0.0,0.0
877-22-3308,0.0,0.0,0.0,166.635,0.0,0.0
878-30-2331,0.0,0.0,0.0,0.0,0.0,572.775
880-35-0356,0.0,0.0,0.0,0.0,0.0,236.88
880-46-5796,0.0,0.0,0.0,0.0,0.0,807.66
881-41-7302,0.0,68.2395,0.0,0.0,0.0,0.0
882-40-4577,0.0,0.0,0.0,0.0,0.0,282.492
883-17-4236,0.0,0.0,0.0,0.0,0.0,30.219
883-69-1285,0.0,104.832,0.0,0.0,0.0,0.0
884-80-6021,771.435,0.0,0.0,0.0,0.0,0.0
885-17-6250,0.0,0.0,0.0,83.727,0.0,0.0
885-56-0389,0.0,54.9675,0.0,0.0,0.0,0.0
886-18-2897,0.0,0.0,296.94,0.0,0.0,0.0
886-54-6089,0.0,0.0,0.0,0.0,72.009,0.0
886-77-9084,603.876,0.0,0.0,0.0,0.0,0.0
887-42-0517,0.0,0.0,0.0,0.0,0.0,611.079
888-02-0338,247.8735,0.0,0.0,0.0,0.0,0.0
889-04-9723,0.0,0.0,374.388,0.0,0.0,0.0
891-01-7034,470.673,0.0,0.0,0.0,0.0,0.0
891-58-8335,0.0,0.0,0.0,0.0,0.0,217.6335
892-05-6689,0.0,0.0,0.0,0.0,148.68,0.0
894-41-5205,0.0,0.0,362.712,0.0,0.0,0.0
895-03-6665,0.0,345.0195,0.0,0.0,0.0,0.0
895-66-0685,0.0,0.0,56.952,0.0,0.0,0.0
896-34-0956,0.0,22.386,0.0,0.0,0.0,0.0
898-04-2717,0.0,721.98,0.0,0.0,0.0,0.0
